billing_id,username,cc_encrypted
1,ibearham0,a799fcafe47d7fb19bfb02cd83855fdfc34b9f87
2,wwaller1,a799fcafe47d7fb19bfb02cd83855fdfc34b9f87
3,ichesnut2,a799fcafe47d7fb19bfb02cd83855fdfc34b9f87
4,tsnarr3,a799fcafe47d7fb19bfb02cd83855fdfc34b9f87
5,fwherrit4,a799fcafe47d7fb19bfb02cd83855fdfc34b9f87
6,fstappard5,a799fcafe47d7fb19bfb02cd83855fdfc34b9f87
7,lhambling6,a799fcafe47d7fb19bfb02cd83855fdfc34b9f87
8,drude7,a799fcafe47d7fb19bfb02cd83855fdfc34b9f87
9,bspawton8,a799fcafe47d7fb19bfb02cd83855fdfc34b9f87
10,rmackeller9,a799fcafe47d7fb19bfb02cd83855fdfc34b9f87
11,cdennerleya,a799fcafe47d7fb19bfb02cd83855fdfc34b9f87
12,gsarfasb,a799fcafe47d7fb19bfb02cd83855fdfc34b9f87
13,mpichefordc,a799fcafe47d7fb19bfb02cd83855fdfc34b9f87
14,bingryd,a799fcafe47d7fb19bfb02cd83855fdfc34b9f87
15,wheinerte,a799fcafe47d7fb19bfb02cd83855fdfc34b9f87
16,mdrewetf,a799fcafe47d7fb19bfb02cd83855fdfc34b9f87
17,droughsedgeg,a799fcafe47d7fb19bfb02cd83855fdfc34b9f87
18,abaakeh,a799fcafe47d7fb19bfb02cd83855fdfc34b9f87
19,ydudeniei,a799fcafe47d7fb19bfb02cd83855fdfc34b9f87
20,ckermittj,a799fcafe47d7fb19bfb02cd83855fdfc34b9f87
21,ipowisk,a799fcafe47d7fb19bfb02cd83855fdfc34b9f87
22,dtaltonl,a799fcafe47d7fb19bfb02cd83855fdfc34b9f87
23,fmyttonm,a799fcafe47d7fb19bfb02cd83855fdfc34b9f87
24,sportern,a799fcafe47d7fb19bfb02cd83855fdfc34b9f87
25,ccruso,a799fcafe47d7fb19bfb02cd83855fdfc34b9f87
26,croscampsp,a799fcafe47d7fb19bfb02cd83855fdfc34b9f87
27,aklempkeq,a799fcafe47d7fb19bfb02cd83855fdfc34b9f87
28,bfletcherr,a799fcafe47d7fb19bfb02cd83855fdfc34b9f87
29,egerts,a799fcafe47d7fb19bfb02cd83855fdfc34b9f87
30,gturleyt,a799fcafe47d7fb19bfb02cd83855fdfc34b9f87
31,calyukinu,a799fcafe47d7fb19bfb02cd83855fdfc34b9f87
32,sdekeyserv,a799fcafe47d7fb19bfb02cd83855fdfc34b9f87
33,ckleinlererw,a799fcafe47d7fb19bfb02cd83855fdfc34b9f87
34,pshanklandx,a799fcafe47d7fb19bfb02cd83855fdfc34b9f87
35,cfishbourny,a799fcafe47d7fb19bfb02cd83855fdfc34b9f87
36,sklamptz,a799fcafe47d7fb19bfb02cd83855fdfc34b9f87
37,babbatucci10,a799fcafe47d7fb19bfb02cd83855fdfc34b9f87
38,csineath11,a799fcafe47d7fb19bfb02cd83855fdfc34b9f87
39,enelane12,a799fcafe47d7fb19bfb02cd83855fdfc34b9f87
40,sfollet13,a799fcafe47d7fb19bfb02cd83855fdfc34b9f87
41,mtesh14,a799fcafe47d7fb19bfb02cd83855fdfc34b9f87
42,ahaulkham15,a799fcafe47d7fb19bfb02cd83855fdfc34b9f87
43,tseyfart16,a799fcafe47d7fb19bfb02cd83855fdfc34b9f87
44,afrankis17,a799fcafe47d7fb19bfb02cd83855fdfc34b9f87
45,hfarrier18,a799fcafe47d7fb19bfb02cd83855fdfc34b9f87
46,bmalinowski19,a799fcafe47d7fb19bfb02cd83855fdfc34b9f87
47,rhartnup1a,a799fcafe47d7fb19bfb02cd83855fdfc34b9f87
48,nabbie1b,a799fcafe47d7fb19bfb02cd83855fdfc34b9f87
49,wyea1c,a799fcafe47d7fb19bfb02cd83855fdfc34b9f87
50,ystadding1d,a799fcafe47d7fb19bfb02cd83855fdfc34b9f87
51,plegion1e,a799fcafe47d7fb19bfb02cd83855fdfc34b9f87
52,reasun1f,a799fcafe47d7fb19bfb02cd83855fdfc34b9f87
53,hhallgalley1g,a799fcafe47d7fb19bfb02cd83855fdfc34b9f87
54,kebbin1h,a799fcafe47d7fb19bfb02cd83855fdfc34b9f87
55,arivel1i,a799fcafe47d7fb19bfb02cd83855fdfc34b9f87
56,obrewer1j,a799fcafe47d7fb19bfb02cd83855fdfc34b9f87
57,acusworth1k,a799fcafe47d7fb19bfb02cd83855fdfc34b9f87
58,hemptage1l,a799fcafe47d7fb19bfb02cd83855fdfc34b9f87
59,hshenfish1m,a799fcafe47d7fb19bfb02cd83855fdfc34b9f87
60,ageaveny1n,a799fcafe47d7fb19bfb02cd83855fdfc34b9f87
61,rarrow1o,a799fcafe47d7fb19bfb02cd83855fdfc34b9f87
62,fgraundisson1p,a799fcafe47d7fb19bfb02cd83855fdfc34b9f87
63,nabramsky1q,a799fcafe47d7fb19bfb02cd83855fdfc34b9f87
64,hconneau1r,a799fcafe47d7fb19bfb02cd83855fdfc34b9f87
65,lsillito1s,a799fcafe47d7fb19bfb02cd83855fdfc34b9f87
66,galekseicik1t,a799fcafe47d7fb19bfb02cd83855fdfc34b9f87
67,eblackboro1u,a799fcafe47d7fb19bfb02cd83855fdfc34b9f87
68,hrushworth1v,a799fcafe47d7fb19bfb02cd83855fdfc34b9f87
69,mmatuschek1w,a799fcafe47d7fb19bfb02cd83855fdfc34b9f87
70,nruegg1x,a799fcafe47d7fb19bfb02cd83855fdfc34b9f87
71,sdobing1y,a799fcafe47d7fb19bfb02cd83855fdfc34b9f87
72,bvigar1z,a799fcafe47d7fb19bfb02cd83855fdfc34b9f87
73,cord20,a799fcafe47d7fb19bfb02cd83855fdfc34b9f87
74,tantonoyev21,a799fcafe47d7fb19bfb02cd83855fdfc34b9f87
75,jchilds22,a799fcafe47d7fb19bfb02cd83855fdfc34b9f87
76,ghearl23,a799fcafe47d7fb19bfb02cd83855fdfc34b9f87
77,aheaseman24,a799fcafe47d7fb19bfb02cd83855fdfc34b9f87
78,ghullot25,a799fcafe47d7fb19bfb02cd83855fdfc34b9f87
79,bfollett26,a799fcafe47d7fb19bfb02cd83855fdfc34b9f87
80,neaklee27,a799fcafe47d7fb19bfb02cd83855fdfc34b9f87
81,rutley28,a799fcafe47d7fb19bfb02cd83855fdfc34b9f87
82,mrizzolo29,a799fcafe47d7fb19bfb02cd83855fdfc34b9f87
83,cclearley2a,a799fcafe47d7fb19bfb02cd83855fdfc34b9f87
84,csimonett2b,a799fcafe47d7fb19bfb02cd83855fdfc34b9f87
85,mmickan2c,a799fcafe47d7fb19bfb02cd83855fdfc34b9f87
86,bvenmore2d,a799fcafe47d7fb19bfb02cd83855fdfc34b9f87
87,rthatcher2e,a799fcafe47d7fb19bfb02cd83855fdfc34b9f87
88,jwaberer2f,a799fcafe47d7fb19bfb02cd83855fdfc34b9f87
89,hleftridge2g,a799fcafe47d7fb19bfb02cd83855fdfc34b9f87
90,bdavidovits2h,a799fcafe47d7fb19bfb02cd83855fdfc34b9f87
91,djindrich2i,a799fcafe47d7fb19bfb02cd83855fdfc34b9f87
92,lplackstone2j,a799fcafe47d7fb19bfb02cd83855fdfc34b9f87
93,gmeekins2k,a799fcafe47d7fb19bfb02cd83855fdfc34b9f87
94,tfligg2l,a799fcafe47d7fb19bfb02cd83855fdfc34b9f87
95,dflury2m,a799fcafe47d7fb19bfb02cd83855fdfc34b9f87
96,hkiddie2n,a799fcafe47d7fb19bfb02cd83855fdfc34b9f87
97,ajovasevic2o,a799fcafe47d7fb19bfb02cd83855fdfc34b9f87
98,esalan2p,a799fcafe47d7fb19bfb02cd83855fdfc34b9f87
99,mcham2q,a799fcafe47d7fb19bfb02cd83855fdfc34b9f87
100,bthoday2r,a799fcafe47d7fb19bfb02cd83855fdfc34b9f87
101,mrabley2s,a799fcafe47d7fb19bfb02cd83855fdfc34b9f87
102,folczak2t,a799fcafe47d7fb19bfb02cd83855fdfc34b9f87
103,rjanes2u,a799fcafe47d7fb19bfb02cd83855fdfc34b9f87
104,hpeachment2v,a799fcafe47d7fb19bfb02cd83855fdfc34b9f87
105,rbarensen2w,a799fcafe47d7fb19bfb02cd83855fdfc34b9f87
106,rtesto2x,a799fcafe47d7fb19bfb02cd83855fdfc34b9f87
107,adomenici2y,a799fcafe47d7fb19bfb02cd83855fdfc34b9f87
108,aetteridge2z,a799fcafe47d7fb19bfb02cd83855fdfc34b9f87
109,cranyell30,a799fcafe47d7fb19bfb02cd83855fdfc34b9f87
110,dmacgilpatrick31,a799fcafe47d7fb19bfb02cd83855fdfc34b9f87
111,lpawlicki32,a799fcafe47d7fb19bfb02cd83855fdfc34b9f87
112,rgodney33,a799fcafe47d7fb19bfb02cd83855fdfc34b9f87
113,atitmus34,a799fcafe47d7fb19bfb02cd83855fdfc34b9f87
114,mhazelgrove35,a799fcafe47d7fb19bfb02cd83855fdfc34b9f87
115,diaduccelli36,a799fcafe47d7fb19bfb02cd83855fdfc34b9f87
116,dcordes37,a799fcafe47d7fb19bfb02cd83855fdfc34b9f87
117,ctrenbay38,a799fcafe47d7fb19bfb02cd83855fdfc34b9f87
118,rzannutti39,a799fcafe47d7fb19bfb02cd83855fdfc34b9f87
119,bkrysztofowicz3a,a799fcafe47d7fb19bfb02cd83855fdfc34b9f87
120,vcovotto3b,a799fcafe47d7fb19bfb02cd83855fdfc34b9f87
121,lgilligan3c,a799fcafe47d7fb19bfb02cd83855fdfc34b9f87
122,swhitland3d,a799fcafe47d7fb19bfb02cd83855fdfc34b9f87
123,mbrear3e,a799fcafe47d7fb19bfb02cd83855fdfc34b9f87
124,gwinsor3f,a799fcafe47d7fb19bfb02cd83855fdfc34b9f87
125,ggostyke3g,a799fcafe47d7fb19bfb02cd83855fdfc34b9f87
126,btolley3h,a799fcafe47d7fb19bfb02cd83855fdfc34b9f87
127,ituvey3i,a799fcafe47d7fb19bfb02cd83855fdfc34b9f87
128,mmaccomiskey3j,a799fcafe47d7fb19bfb02cd83855fdfc34b9f87
129,bchorley3k,a799fcafe47d7fb19bfb02cd83855fdfc34b9f87
130,gtrundell3l,a799fcafe47d7fb19bfb02cd83855fdfc34b9f87
131,mcousin3m,a799fcafe47d7fb19bfb02cd83855fdfc34b9f87
132,wtitt3n,a799fcafe47d7fb19bfb02cd83855fdfc34b9f87
133,mwadesworth3o,a799fcafe47d7fb19bfb02cd83855fdfc34b9f87
134,jtiddy3p,a799fcafe47d7fb19bfb02cd83855fdfc34b9f87
135,kmcteggart3q,a799fcafe47d7fb19bfb02cd83855fdfc34b9f87
136,mmannagh3r,a799fcafe47d7fb19bfb02cd83855fdfc34b9f87
137,gpowton3s,a799fcafe47d7fb19bfb02cd83855fdfc34b9f87
138,rdalston3t,a799fcafe47d7fb19bfb02cd83855fdfc34b9f87
139,gorrell3u,a799fcafe47d7fb19bfb02cd83855fdfc34b9f87
140,bpatesel3v,a799fcafe47d7fb19bfb02cd83855fdfc34b9f87
141,kgiddings3w,a799fcafe47d7fb19bfb02cd83855fdfc34b9f87
142,cgolly3x,a799fcafe47d7fb19bfb02cd83855fdfc34b9f87
143,jprandoni3y,a799fcafe47d7fb19bfb02cd83855fdfc34b9f87
144,mackrill3z,a799fcafe47d7fb19bfb02cd83855fdfc34b9f87
145,tcrookall40,a799fcafe47d7fb19bfb02cd83855fdfc34b9f87
146,lshurman41,a799fcafe47d7fb19bfb02cd83855fdfc34b9f87
147,bhart42,a799fcafe47d7fb19bfb02cd83855fdfc34b9f87
148,ggrishakin43,a799fcafe47d7fb19bfb02cd83855fdfc34b9f87
149,awellman44,a799fcafe47d7fb19bfb02cd83855fdfc34b9f87
150,lminthorpe45,a799fcafe47d7fb19bfb02cd83855fdfc34b9f87
151,irowth46,a799fcafe47d7fb19bfb02cd83855fdfc34b9f87
152,bbulstrode47,a799fcafe47d7fb19bfb02cd83855fdfc34b9f87
153,cflemming48,a799fcafe47d7fb19bfb02cd83855fdfc34b9f87
154,aarrowsmith49,a799fcafe47d7fb19bfb02cd83855fdfc34b9f87
155,anockles4a,a799fcafe47d7fb19bfb02cd83855fdfc34b9f87
156,hbenedito4b,a799fcafe47d7fb19bfb02cd83855fdfc34b9f87
157,htremellan4c,a799fcafe47d7fb19bfb02cd83855fdfc34b9f87
158,jphin4d,a799fcafe47d7fb19bfb02cd83855fdfc34b9f87
159,bmctrustam4e,a799fcafe47d7fb19bfb02cd83855fdfc34b9f87
160,lgeorgievski4f,a799fcafe47d7fb19bfb02cd83855fdfc34b9f87
161,csurgood4g,a799fcafe47d7fb19bfb02cd83855fdfc34b9f87
162,mcubbin4h,a799fcafe47d7fb19bfb02cd83855fdfc34b9f87
163,educker4i,a799fcafe47d7fb19bfb02cd83855fdfc34b9f87
164,csewter4j,a799fcafe47d7fb19bfb02cd83855fdfc34b9f87
165,hhallede4k,a799fcafe47d7fb19bfb02cd83855fdfc34b9f87
166,bbuie4l,a799fcafe47d7fb19bfb02cd83855fdfc34b9f87
167,larends4m,a799fcafe47d7fb19bfb02cd83855fdfc34b9f87
168,jschlagh4n,a799fcafe47d7fb19bfb02cd83855fdfc34b9f87
169,amcanalley4o,a799fcafe47d7fb19bfb02cd83855fdfc34b9f87
170,pbeverstock4p,a799fcafe47d7fb19bfb02cd83855fdfc34b9f87
171,rcoltart4q,a799fcafe47d7fb19bfb02cd83855fdfc34b9f87
172,iedmonstone4r,a799fcafe47d7fb19bfb02cd83855fdfc34b9f87
173,gfernley4s,a799fcafe47d7fb19bfb02cd83855fdfc34b9f87
174,kskinley4t,a799fcafe47d7fb19bfb02cd83855fdfc34b9f87
175,briddle4u,a799fcafe47d7fb19bfb02cd83855fdfc34b9f87
176,ikincaid4v,a799fcafe47d7fb19bfb02cd83855fdfc34b9f87
177,aslavin4w,a799fcafe47d7fb19bfb02cd83855fdfc34b9f87
178,wcelli4x,a799fcafe47d7fb19bfb02cd83855fdfc34b9f87
179,gearnshaw4y,a799fcafe47d7fb19bfb02cd83855fdfc34b9f87
180,hboutellier4z,a799fcafe47d7fb19bfb02cd83855fdfc34b9f87
181,eriepl50,a799fcafe47d7fb19bfb02cd83855fdfc34b9f87
182,dbulloch51,a799fcafe47d7fb19bfb02cd83855fdfc34b9f87
183,vnobriga52,a799fcafe47d7fb19bfb02cd83855fdfc34b9f87
184,jfitzgerald53,a799fcafe47d7fb19bfb02cd83855fdfc34b9f87
185,rillem54,a799fcafe47d7fb19bfb02cd83855fdfc34b9f87
186,hgull55,a799fcafe47d7fb19bfb02cd83855fdfc34b9f87
187,dyarwood56,a799fcafe47d7fb19bfb02cd83855fdfc34b9f87
188,jfarra57,a799fcafe47d7fb19bfb02cd83855fdfc34b9f87
189,tharmstone58,a799fcafe47d7fb19bfb02cd83855fdfc34b9f87
190,lashbee59,a799fcafe47d7fb19bfb02cd83855fdfc34b9f87
191,hmaryon5a,a799fcafe47d7fb19bfb02cd83855fdfc34b9f87
192,dandrioletti5b,a799fcafe47d7fb19bfb02cd83855fdfc34b9f87
193,ryendall5c,a799fcafe47d7fb19bfb02cd83855fdfc34b9f87
194,egoodship5d,a799fcafe47d7fb19bfb02cd83855fdfc34b9f87
195,wshafto5e,a799fcafe47d7fb19bfb02cd83855fdfc34b9f87
196,fabbitt5f,a799fcafe47d7fb19bfb02cd83855fdfc34b9f87
197,kitshak5g,a799fcafe47d7fb19bfb02cd83855fdfc34b9f87
198,gkrishtopaittis5h,a799fcafe47d7fb19bfb02cd83855fdfc34b9f87
199,afibbens5i,a799fcafe47d7fb19bfb02cd83855fdfc34b9f87
200,lcafferty5j,a799fcafe47d7fb19bfb02cd83855fdfc34b9f87
201,msearson5k,a799fcafe47d7fb19bfb02cd83855fdfc34b9f87
202,gforde5l,a799fcafe47d7fb19bfb02cd83855fdfc34b9f87
203,cricharz5m,a799fcafe47d7fb19bfb02cd83855fdfc34b9f87
204,tjacobowits5n,a799fcafe47d7fb19bfb02cd83855fdfc34b9f87
205,mdrogan5o,a799fcafe47d7fb19bfb02cd83855fdfc34b9f87
206,ttomkies5p,a799fcafe47d7fb19bfb02cd83855fdfc34b9f87
207,bgamon5q,a799fcafe47d7fb19bfb02cd83855fdfc34b9f87
208,mbourget5r,a799fcafe47d7fb19bfb02cd83855fdfc34b9f87
209,bjinda5s,a799fcafe47d7fb19bfb02cd83855fdfc34b9f87
210,acochet5t,a799fcafe47d7fb19bfb02cd83855fdfc34b9f87
211,akestell5u,a799fcafe47d7fb19bfb02cd83855fdfc34b9f87
212,yianilli5v,a799fcafe47d7fb19bfb02cd83855fdfc34b9f87
213,iburgwyn5w,a799fcafe47d7fb19bfb02cd83855fdfc34b9f87
214,itapenden5x,a799fcafe47d7fb19bfb02cd83855fdfc34b9f87
215,wlomasna5y,a799fcafe47d7fb19bfb02cd83855fdfc34b9f87
216,ablissett5z,a799fcafe47d7fb19bfb02cd83855fdfc34b9f87
217,mrodden60,a799fcafe47d7fb19bfb02cd83855fdfc34b9f87
218,gsykes61,a799fcafe47d7fb19bfb02cd83855fdfc34b9f87
219,griordan62,a799fcafe47d7fb19bfb02cd83855fdfc34b9f87
220,jtidy63,a799fcafe47d7fb19bfb02cd83855fdfc34b9f87
221,gwindeatt64,a799fcafe47d7fb19bfb02cd83855fdfc34b9f87
222,bjosipovic65,a799fcafe47d7fb19bfb02cd83855fdfc34b9f87
223,kgething66,a799fcafe47d7fb19bfb02cd83855fdfc34b9f87
224,bgillise67,a799fcafe47d7fb19bfb02cd83855fdfc34b9f87
225,cbearcock68,a799fcafe47d7fb19bfb02cd83855fdfc34b9f87
226,mscurlock69,a799fcafe47d7fb19bfb02cd83855fdfc34b9f87
227,ydugald6a,a799fcafe47d7fb19bfb02cd83855fdfc34b9f87
228,bcoad6b,a799fcafe47d7fb19bfb02cd83855fdfc34b9f87
229,bbinge6c,a799fcafe47d7fb19bfb02cd83855fdfc34b9f87
230,iwycliff6d,a799fcafe47d7fb19bfb02cd83855fdfc34b9f87
231,fkitchen6e,a799fcafe47d7fb19bfb02cd83855fdfc34b9f87
232,cpadginton6f,a799fcafe47d7fb19bfb02cd83855fdfc34b9f87
233,wludwikiewicz6g,a799fcafe47d7fb19bfb02cd83855fdfc34b9f87
234,mjoder6h,a799fcafe47d7fb19bfb02cd83855fdfc34b9f87
235,vpiatkowski6i,a799fcafe47d7fb19bfb02cd83855fdfc34b9f87
236,cpaget6j,a799fcafe47d7fb19bfb02cd83855fdfc34b9f87
237,rbutterwick6k,a799fcafe47d7fb19bfb02cd83855fdfc34b9f87
238,bmirando6l,a799fcafe47d7fb19bfb02cd83855fdfc34b9f87
239,wpitbladdo6m,a799fcafe47d7fb19bfb02cd83855fdfc34b9f87
240,bchappel6n,a799fcafe47d7fb19bfb02cd83855fdfc34b9f87
241,bosban6o,a799fcafe47d7fb19bfb02cd83855fdfc34b9f87
242,astamps6p,a799fcafe47d7fb19bfb02cd83855fdfc34b9f87
243,kboath6q,a799fcafe47d7fb19bfb02cd83855fdfc34b9f87
244,jhollerin6r,a799fcafe47d7fb19bfb02cd83855fdfc34b9f87
245,ghounsom6s,a799fcafe47d7fb19bfb02cd83855fdfc34b9f87
246,aducker6t,a799fcafe47d7fb19bfb02cd83855fdfc34b9f87
247,ckall6u,a799fcafe47d7fb19bfb02cd83855fdfc34b9f87
248,nciccarelli6v,a799fcafe47d7fb19bfb02cd83855fdfc34b9f87
249,kgadault6w,a799fcafe47d7fb19bfb02cd83855fdfc34b9f87
250,rbettison6x,a799fcafe47d7fb19bfb02cd83855fdfc34b9f87
251,crosgen6y,a799fcafe47d7fb19bfb02cd83855fdfc34b9f87
252,tbalmer6z,a799fcafe47d7fb19bfb02cd83855fdfc34b9f87
253,hortsmann70,a799fcafe47d7fb19bfb02cd83855fdfc34b9f87
254,rbeccera71,a799fcafe47d7fb19bfb02cd83855fdfc34b9f87
255,dfielden72,a799fcafe47d7fb19bfb02cd83855fdfc34b9f87
256,gscown73,a799fcafe47d7fb19bfb02cd83855fdfc34b9f87
257,kscandroot74,a799fcafe47d7fb19bfb02cd83855fdfc34b9f87
258,kcleave75,a799fcafe47d7fb19bfb02cd83855fdfc34b9f87
259,arustan76,a799fcafe47d7fb19bfb02cd83855fdfc34b9f87
260,dgwynn77,a799fcafe47d7fb19bfb02cd83855fdfc34b9f87
261,gpagden78,a799fcafe47d7fb19bfb02cd83855fdfc34b9f87
262,mimpey79,a799fcafe47d7fb19bfb02cd83855fdfc34b9f87
263,boattes7a,a799fcafe47d7fb19bfb02cd83855fdfc34b9f87
264,rstubbeley7b,a799fcafe47d7fb19bfb02cd83855fdfc34b9f87
265,ppavolini7c,a799fcafe47d7fb19bfb02cd83855fdfc34b9f87
266,lthorneloe7d,a799fcafe47d7fb19bfb02cd83855fdfc34b9f87
267,aallwood7e,a799fcafe47d7fb19bfb02cd83855fdfc34b9f87
268,akilbourn7f,a799fcafe47d7fb19bfb02cd83855fdfc34b9f87
269,hsarre7g,a799fcafe47d7fb19bfb02cd83855fdfc34b9f87
270,sboyse7h,a799fcafe47d7fb19bfb02cd83855fdfc34b9f87
271,lwrennall7i,a799fcafe47d7fb19bfb02cd83855fdfc34b9f87
272,bphripp7j,a799fcafe47d7fb19bfb02cd83855fdfc34b9f87
273,ncornelisse7k,a799fcafe47d7fb19bfb02cd83855fdfc34b9f87
274,dknowlson7l,a799fcafe47d7fb19bfb02cd83855fdfc34b9f87
275,sbrasner7m,a799fcafe47d7fb19bfb02cd83855fdfc34b9f87
276,lsimonich7n,a799fcafe47d7fb19bfb02cd83855fdfc34b9f87
277,cvolke7o,a799fcafe47d7fb19bfb02cd83855fdfc34b9f87
278,jmarciskewski7p,a799fcafe47d7fb19bfb02cd83855fdfc34b9f87
279,bkeenlayside7q,a799fcafe47d7fb19bfb02cd83855fdfc34b9f87
280,smcart7r,a799fcafe47d7fb19bfb02cd83855fdfc34b9f87
281,cpaulisch7s,a799fcafe47d7fb19bfb02cd83855fdfc34b9f87
282,fnewlove7t,a799fcafe47d7fb19bfb02cd83855fdfc34b9f87
283,akinforth7u,a799fcafe47d7fb19bfb02cd83855fdfc34b9f87
284,avobes7v,a799fcafe47d7fb19bfb02cd83855fdfc34b9f87
285,mmallinson7w,a799fcafe47d7fb19bfb02cd83855fdfc34b9f87
286,aklewer7x,a799fcafe47d7fb19bfb02cd83855fdfc34b9f87
287,sofen7y,a799fcafe47d7fb19bfb02cd83855fdfc34b9f87
288,rkirstein7z,a799fcafe47d7fb19bfb02cd83855fdfc34b9f87
289,dgermann80,a799fcafe47d7fb19bfb02cd83855fdfc34b9f87
290,efreen81,a799fcafe47d7fb19bfb02cd83855fdfc34b9f87
291,mdell82,a799fcafe47d7fb19bfb02cd83855fdfc34b9f87
292,jpatise83,a799fcafe47d7fb19bfb02cd83855fdfc34b9f87
293,gepps84,a799fcafe47d7fb19bfb02cd83855fdfc34b9f87
294,abackhouse85,a799fcafe47d7fb19bfb02cd83855fdfc34b9f87
295,caffron86,a799fcafe47d7fb19bfb02cd83855fdfc34b9f87
296,totridge87,a799fcafe47d7fb19bfb02cd83855fdfc34b9f87
297,awhightman88,a799fcafe47d7fb19bfb02cd83855fdfc34b9f87
298,mstainfield89,a799fcafe47d7fb19bfb02cd83855fdfc34b9f87
299,sdagnan8a,a799fcafe47d7fb19bfb02cd83855fdfc34b9f87
300,phayne8b,a799fcafe47d7fb19bfb02cd83855fdfc34b9f87
301,zkell8c,a799fcafe47d7fb19bfb02cd83855fdfc34b9f87
302,vlarenson8d,a799fcafe47d7fb19bfb02cd83855fdfc34b9f87
303,vwinspeare8e,a799fcafe47d7fb19bfb02cd83855fdfc34b9f87
304,gtoplis8f,a799fcafe47d7fb19bfb02cd83855fdfc34b9f87
305,lpreston8g,a799fcafe47d7fb19bfb02cd83855fdfc34b9f87
306,lbretelle8h,a799fcafe47d7fb19bfb02cd83855fdfc34b9f87
307,mhalbert8i,a799fcafe47d7fb19bfb02cd83855fdfc34b9f87
308,nwickett8j,a799fcafe47d7fb19bfb02cd83855fdfc34b9f87
309,ccritten8k,a799fcafe47d7fb19bfb02cd83855fdfc34b9f87
310,fleads8l,a799fcafe47d7fb19bfb02cd83855fdfc34b9f87
311,aworvill8m,a799fcafe47d7fb19bfb02cd83855fdfc34b9f87
312,sdesvignes8n,a799fcafe47d7fb19bfb02cd83855fdfc34b9f87
313,ktremollet8o,a799fcafe47d7fb19bfb02cd83855fdfc34b9f87
314,adelmonte8p,a799fcafe47d7fb19bfb02cd83855fdfc34b9f87
315,mbeauchop8q,a799fcafe47d7fb19bfb02cd83855fdfc34b9f87
316,jwoollett8r,a799fcafe47d7fb19bfb02cd83855fdfc34b9f87
317,loleszcuk8s,a799fcafe47d7fb19bfb02cd83855fdfc34b9f87
318,kpracy8t,a799fcafe47d7fb19bfb02cd83855fdfc34b9f87
319,aharriot8u,a799fcafe47d7fb19bfb02cd83855fdfc34b9f87
320,phalling8v,a799fcafe47d7fb19bfb02cd83855fdfc34b9f87
321,vburren8w,a799fcafe47d7fb19bfb02cd83855fdfc34b9f87
322,zbriars8x,a799fcafe47d7fb19bfb02cd83855fdfc34b9f87
323,vjansky8y,a799fcafe47d7fb19bfb02cd83855fdfc34b9f87
324,dbukowski8z,a799fcafe47d7fb19bfb02cd83855fdfc34b9f87
325,krundall90,a799fcafe47d7fb19bfb02cd83855fdfc34b9f87
326,kschermick91,a799fcafe47d7fb19bfb02cd83855fdfc34b9f87
327,skinsley92,a799fcafe47d7fb19bfb02cd83855fdfc34b9f87
328,gburder93,a799fcafe47d7fb19bfb02cd83855fdfc34b9f87
329,cthomen94,a799fcafe47d7fb19bfb02cd83855fdfc34b9f87
330,alemmon95,a799fcafe47d7fb19bfb02cd83855fdfc34b9f87
331,zparnall96,a799fcafe47d7fb19bfb02cd83855fdfc34b9f87
332,epostance97,a799fcafe47d7fb19bfb02cd83855fdfc34b9f87
333,apolak98,a799fcafe47d7fb19bfb02cd83855fdfc34b9f87
334,gtussaine99,a799fcafe47d7fb19bfb02cd83855fdfc34b9f87
335,jyewen9a,a799fcafe47d7fb19bfb02cd83855fdfc34b9f87
336,pburet9b,a799fcafe47d7fb19bfb02cd83855fdfc34b9f87
337,oeccersley9c,a799fcafe47d7fb19bfb02cd83855fdfc34b9f87
338,jfavill9d,a799fcafe47d7fb19bfb02cd83855fdfc34b9f87
339,tbinnion9e,a799fcafe47d7fb19bfb02cd83855fdfc34b9f87
340,smaciaszek9f,a799fcafe47d7fb19bfb02cd83855fdfc34b9f87
341,cmushett9g,a799fcafe47d7fb19bfb02cd83855fdfc34b9f87
342,kwarhurst9h,a799fcafe47d7fb19bfb02cd83855fdfc34b9f87
343,ajaram9i,a799fcafe47d7fb19bfb02cd83855fdfc34b9f87
344,sskocroft9j,a799fcafe47d7fb19bfb02cd83855fdfc34b9f87
345,nclemerson9k,a799fcafe47d7fb19bfb02cd83855fdfc34b9f87
346,kgladebeck9l,a799fcafe47d7fb19bfb02cd83855fdfc34b9f87
347,wconey9m,a799fcafe47d7fb19bfb02cd83855fdfc34b9f87
348,eskune9n,a799fcafe47d7fb19bfb02cd83855fdfc34b9f87
349,tmitchall9o,a799fcafe47d7fb19bfb02cd83855fdfc34b9f87
350,msalazar9p,a799fcafe47d7fb19bfb02cd83855fdfc34b9f87
351,hsuttle9q,a799fcafe47d7fb19bfb02cd83855fdfc34b9f87
352,dlambshine9r,a799fcafe47d7fb19bfb02cd83855fdfc34b9f87
353,lgiggie9s,a799fcafe47d7fb19bfb02cd83855fdfc34b9f87
354,salsop9t,a799fcafe47d7fb19bfb02cd83855fdfc34b9f87
355,giohananof9u,a799fcafe47d7fb19bfb02cd83855fdfc34b9f87
356,jridge9v,a799fcafe47d7fb19bfb02cd83855fdfc34b9f87
357,aclackers9w,a799fcafe47d7fb19bfb02cd83855fdfc34b9f87
358,wgunby9x,a799fcafe47d7fb19bfb02cd83855fdfc34b9f87
359,jmalin9y,a799fcafe47d7fb19bfb02cd83855fdfc34b9f87
360,eewens9z,a799fcafe47d7fb19bfb02cd83855fdfc34b9f87
361,gblazhevicha0,a799fcafe47d7fb19bfb02cd83855fdfc34b9f87
362,fmcgrirla1,a799fcafe47d7fb19bfb02cd83855fdfc34b9f87
363,kmcneea2,a799fcafe47d7fb19bfb02cd83855fdfc34b9f87
364,devea3,a799fcafe47d7fb19bfb02cd83855fdfc34b9f87
365,btabera4,a799fcafe47d7fb19bfb02cd83855fdfc34b9f87
366,amillwalla5,a799fcafe47d7fb19bfb02cd83855fdfc34b9f87
367,rbinga6,a799fcafe47d7fb19bfb02cd83855fdfc34b9f87
368,tdriolia7,a799fcafe47d7fb19bfb02cd83855fdfc34b9f87
369,jmonka8,a799fcafe47d7fb19bfb02cd83855fdfc34b9f87
370,nbrosettia9,a799fcafe47d7fb19bfb02cd83855fdfc34b9f87
371,kyarrallaa,a799fcafe47d7fb19bfb02cd83855fdfc34b9f87
372,iginglesab,a799fcafe47d7fb19bfb02cd83855fdfc34b9f87
373,psemoninac,a799fcafe47d7fb19bfb02cd83855fdfc34b9f87
374,kwillsheead,a799fcafe47d7fb19bfb02cd83855fdfc34b9f87
375,ewrayae,a799fcafe47d7fb19bfb02cd83855fdfc34b9f87
376,icamplejohnaf,a799fcafe47d7fb19bfb02cd83855fdfc34b9f87
377,rsidsaffag,a799fcafe47d7fb19bfb02cd83855fdfc34b9f87
378,dhalladeyah,a799fcafe47d7fb19bfb02cd83855fdfc34b9f87
379,tamberai,a799fcafe47d7fb19bfb02cd83855fdfc34b9f87
380,agraftonherbertaj,a799fcafe47d7fb19bfb02cd83855fdfc34b9f87
381,fkaleyak,a799fcafe47d7fb19bfb02cd83855fdfc34b9f87
382,rskewesal,a799fcafe47d7fb19bfb02cd83855fdfc34b9f87
383,cgersonam,a799fcafe47d7fb19bfb02cd83855fdfc34b9f87
384,lhaskewan,a799fcafe47d7fb19bfb02cd83855fdfc34b9f87
385,gfawcusao,a799fcafe47d7fb19bfb02cd83855fdfc34b9f87
386,iwharfap,a799fcafe47d7fb19bfb02cd83855fdfc34b9f87
387,avernallsaq,a799fcafe47d7fb19bfb02cd83855fdfc34b9f87
388,hroullierar,a799fcafe47d7fb19bfb02cd83855fdfc34b9f87
389,efreddias,a799fcafe47d7fb19bfb02cd83855fdfc34b9f87
390,ktiltmanat,a799fcafe47d7fb19bfb02cd83855fdfc34b9f87
391,wjershau,a799fcafe47d7fb19bfb02cd83855fdfc34b9f87
392,seyresav,a799fcafe47d7fb19bfb02cd83855fdfc34b9f87
393,mmaclarenaw,a799fcafe47d7fb19bfb02cd83855fdfc34b9f87
394,ogatheralax,a799fcafe47d7fb19bfb02cd83855fdfc34b9f87
395,qscrowbyay,a799fcafe47d7fb19bfb02cd83855fdfc34b9f87
396,pwhitmoreaz,a799fcafe47d7fb19bfb02cd83855fdfc34b9f87
397,mglavesb0,a799fcafe47d7fb19bfb02cd83855fdfc34b9f87
398,mpenwrightb1,a799fcafe47d7fb19bfb02cd83855fdfc34b9f87
399,bbusbyb2,a799fcafe47d7fb19bfb02cd83855fdfc34b9f87
400,teschb3,a799fcafe47d7fb19bfb02cd83855fdfc34b9f87
401,fcrummyb4,a799fcafe47d7fb19bfb02cd83855fdfc34b9f87
402,lhoutenb5,a799fcafe47d7fb19bfb02cd83855fdfc34b9f87
403,stoffanellib6,a799fcafe47d7fb19bfb02cd83855fdfc34b9f87
404,docahernyb7,a799fcafe47d7fb19bfb02cd83855fdfc34b9f87
405,tpenmanb8,a799fcafe47d7fb19bfb02cd83855fdfc34b9f87
406,cmcilwrathb9,a799fcafe47d7fb19bfb02cd83855fdfc34b9f87
407,sbausorba,a799fcafe47d7fb19bfb02cd83855fdfc34b9f87
408,gennewbb,a799fcafe47d7fb19bfb02cd83855fdfc34b9f87
409,csaddletonbc,a799fcafe47d7fb19bfb02cd83855fdfc34b9f87
410,kwetheredbd,a799fcafe47d7fb19bfb02cd83855fdfc34b9f87
411,bdukerbe,a799fcafe47d7fb19bfb02cd83855fdfc34b9f87
412,sjensonbf,a799fcafe47d7fb19bfb02cd83855fdfc34b9f87
413,jbourchierbg,a799fcafe47d7fb19bfb02cd83855fdfc34b9f87
414,ttrevithickbh,a799fcafe47d7fb19bfb02cd83855fdfc34b9f87
415,tgawnebi,a799fcafe47d7fb19bfb02cd83855fdfc34b9f87
416,abraistedbj,a799fcafe47d7fb19bfb02cd83855fdfc34b9f87
417,rbutterleybk,a799fcafe47d7fb19bfb02cd83855fdfc34b9f87
418,aeddisfordbl,a799fcafe47d7fb19bfb02cd83855fdfc34b9f87
419,mwoodusbm,a799fcafe47d7fb19bfb02cd83855fdfc34b9f87
420,clamarbn,a799fcafe47d7fb19bfb02cd83855fdfc34b9f87
421,cdennebo,a799fcafe47d7fb19bfb02cd83855fdfc34b9f87
422,phadleybp,a799fcafe47d7fb19bfb02cd83855fdfc34b9f87
423,giacobaccibq,a799fcafe47d7fb19bfb02cd83855fdfc34b9f87
424,igoulderbr,a799fcafe47d7fb19bfb02cd83855fdfc34b9f87
425,ikeesbs,a799fcafe47d7fb19bfb02cd83855fdfc34b9f87
426,krisingbt,a799fcafe47d7fb19bfb02cd83855fdfc34b9f87
427,aimpettbu,a799fcafe47d7fb19bfb02cd83855fdfc34b9f87
428,edickmanbv,a799fcafe47d7fb19bfb02cd83855fdfc34b9f87
429,bsallissbw,a799fcafe47d7fb19bfb02cd83855fdfc34b9f87
430,bchestonbx,a799fcafe47d7fb19bfb02cd83855fdfc34b9f87
431,lthowesby,a799fcafe47d7fb19bfb02cd83855fdfc34b9f87
432,pmolnarbz,a799fcafe47d7fb19bfb02cd83855fdfc34b9f87
433,pborleacec0,a799fcafe47d7fb19bfb02cd83855fdfc34b9f87
434,aswinnardc1,a799fcafe47d7fb19bfb02cd83855fdfc34b9f87
435,ggasconec2,a799fcafe47d7fb19bfb02cd83855fdfc34b9f87
436,abreslanec3,a799fcafe47d7fb19bfb02cd83855fdfc34b9f87
437,bgeddisc4,a799fcafe47d7fb19bfb02cd83855fdfc34b9f87
438,dbarlingc5,a799fcafe47d7fb19bfb02cd83855fdfc34b9f87
439,ddegnenc6,a799fcafe47d7fb19bfb02cd83855fdfc34b9f87
440,kofergusc7,a799fcafe47d7fb19bfb02cd83855fdfc34b9f87
441,ddillandc8,a799fcafe47d7fb19bfb02cd83855fdfc34b9f87
442,egrowyc9,a799fcafe47d7fb19bfb02cd83855fdfc34b9f87
443,slazarca,a799fcafe47d7fb19bfb02cd83855fdfc34b9f87
444,ckopscb,a799fcafe47d7fb19bfb02cd83855fdfc34b9f87
445,rhaughcc,a799fcafe47d7fb19bfb02cd83855fdfc34b9f87
446,mabrahamovitzcd,a799fcafe47d7fb19bfb02cd83855fdfc34b9f87
447,gconnachance,a799fcafe47d7fb19bfb02cd83855fdfc34b9f87
448,mprawlecf,a799fcafe47d7fb19bfb02cd83855fdfc34b9f87
449,mwoodfincg,a799fcafe47d7fb19bfb02cd83855fdfc34b9f87
450,cyarnoldch,a799fcafe47d7fb19bfb02cd83855fdfc34b9f87
451,sskudderci,a799fcafe47d7fb19bfb02cd83855fdfc34b9f87
452,ssinnockcj,a799fcafe47d7fb19bfb02cd83855fdfc34b9f87
453,ibrunstanck,a799fcafe47d7fb19bfb02cd83855fdfc34b9f87
454,anightingalecl,a799fcafe47d7fb19bfb02cd83855fdfc34b9f87
455,avongladbachcm,a799fcafe47d7fb19bfb02cd83855fdfc34b9f87
456,ksympercn,a799fcafe47d7fb19bfb02cd83855fdfc34b9f87
457,jwickrathco,a799fcafe47d7fb19bfb02cd83855fdfc34b9f87
458,egarfirthcp,a799fcafe47d7fb19bfb02cd83855fdfc34b9f87
459,rbruninicq,a799fcafe47d7fb19bfb02cd83855fdfc34b9f87
460,smckinneycr,a799fcafe47d7fb19bfb02cd83855fdfc34b9f87
461,mloniecs,a799fcafe47d7fb19bfb02cd83855fdfc34b9f87
462,bhazaelct,a799fcafe47d7fb19bfb02cd83855fdfc34b9f87
463,bdyhousecu,a799fcafe47d7fb19bfb02cd83855fdfc34b9f87
464,mnarbettcv,a799fcafe47d7fb19bfb02cd83855fdfc34b9f87
465,abaynescw,a799fcafe47d7fb19bfb02cd83855fdfc34b9f87
466,wbeesecx,a799fcafe47d7fb19bfb02cd83855fdfc34b9f87
467,ovickresscy,a799fcafe47d7fb19bfb02cd83855fdfc34b9f87
468,kfraylingcz,a799fcafe47d7fb19bfb02cd83855fdfc34b9f87
469,jnapolid0,a799fcafe47d7fb19bfb02cd83855fdfc34b9f87
470,rburnittd1,a799fcafe47d7fb19bfb02cd83855fdfc34b9f87
471,hsextyd2,a799fcafe47d7fb19bfb02cd83855fdfc34b9f87
472,lbaldingd3,a799fcafe47d7fb19bfb02cd83855fdfc34b9f87
473,agoskard4,a799fcafe47d7fb19bfb02cd83855fdfc34b9f87
474,thildrewd5,a799fcafe47d7fb19bfb02cd83855fdfc34b9f87
475,chemphilld6,a799fcafe47d7fb19bfb02cd83855fdfc34b9f87
476,smincinid7,a799fcafe47d7fb19bfb02cd83855fdfc34b9f87
477,bmacdonaghd8,a799fcafe47d7fb19bfb02cd83855fdfc34b9f87
478,mgorewayd9,a799fcafe47d7fb19bfb02cd83855fdfc34b9f87
479,ebifieldda,a799fcafe47d7fb19bfb02cd83855fdfc34b9f87
480,pwingatedb,a799fcafe47d7fb19bfb02cd83855fdfc34b9f87
481,ldalliwatrdc,a799fcafe47d7fb19bfb02cd83855fdfc34b9f87
482,hhedgemandd,a799fcafe47d7fb19bfb02cd83855fdfc34b9f87
483,hmorfellde,a799fcafe47d7fb19bfb02cd83855fdfc34b9f87
484,bthoralddf,a799fcafe47d7fb19bfb02cd83855fdfc34b9f87
485,ybournedg,a799fcafe47d7fb19bfb02cd83855fdfc34b9f87
486,edonativodh,a799fcafe47d7fb19bfb02cd83855fdfc34b9f87
487,rlabramdi,a799fcafe47d7fb19bfb02cd83855fdfc34b9f87
488,oknaptondj,a799fcafe47d7fb19bfb02cd83855fdfc34b9f87
489,hshackletondk,a799fcafe47d7fb19bfb02cd83855fdfc34b9f87
490,aduferiedl,a799fcafe47d7fb19bfb02cd83855fdfc34b9f87
491,cthorolddm,a799fcafe47d7fb19bfb02cd83855fdfc34b9f87
492,achallicedn,a799fcafe47d7fb19bfb02cd83855fdfc34b9f87
493,hcaberado,a799fcafe47d7fb19bfb02cd83855fdfc34b9f87
494,lpaddledp,a799fcafe47d7fb19bfb02cd83855fdfc34b9f87
495,jdemedq,a799fcafe47d7fb19bfb02cd83855fdfc34b9f87
496,gocarrolldr,a799fcafe47d7fb19bfb02cd83855fdfc34b9f87
497,rbreckonds,a799fcafe47d7fb19bfb02cd83855fdfc34b9f87
498,rcuestadt,a799fcafe47d7fb19bfb02cd83855fdfc34b9f87
499,shebborndu,a799fcafe47d7fb19bfb02cd83855fdfc34b9f87
500,anelligandv,a799fcafe47d7fb19bfb02cd83855fdfc34b9f87
501,mloughandw,a799fcafe47d7fb19bfb02cd83855fdfc34b9f87
502,rmilesdx,a799fcafe47d7fb19bfb02cd83855fdfc34b9f87
503,wsimondsondy,a799fcafe47d7fb19bfb02cd83855fdfc34b9f87
504,blowdendz,a799fcafe47d7fb19bfb02cd83855fdfc34b9f87
505,ldudneye0,a799fcafe47d7fb19bfb02cd83855fdfc34b9f87
506,tyarnalle1,a799fcafe47d7fb19bfb02cd83855fdfc34b9f87
507,eashcrofte2,a799fcafe47d7fb19bfb02cd83855fdfc34b9f87
508,mroosone3,a799fcafe47d7fb19bfb02cd83855fdfc34b9f87
509,thearonse4,a799fcafe47d7fb19bfb02cd83855fdfc34b9f87
510,ejeromee5,a799fcafe47d7fb19bfb02cd83855fdfc34b9f87
511,ksimane6,a799fcafe47d7fb19bfb02cd83855fdfc34b9f87
512,eblackneye7,a799fcafe47d7fb19bfb02cd83855fdfc34b9f87
513,llovele8,a799fcafe47d7fb19bfb02cd83855fdfc34b9f87
514,bbrockette9,a799fcafe47d7fb19bfb02cd83855fdfc34b9f87
515,tvonhelmholtzea,a799fcafe47d7fb19bfb02cd83855fdfc34b9f87
516,cdeatheb,a799fcafe47d7fb19bfb02cd83855fdfc34b9f87
517,ahealeyec,a799fcafe47d7fb19bfb02cd83855fdfc34b9f87
518,oroizined,a799fcafe47d7fb19bfb02cd83855fdfc34b9f87
519,asharnockee,a799fcafe47d7fb19bfb02cd83855fdfc34b9f87
520,kccominief,a799fcafe47d7fb19bfb02cd83855fdfc34b9f87
521,evanyutineg,a799fcafe47d7fb19bfb02cd83855fdfc34b9f87
522,mblakslandeh,a799fcafe47d7fb19bfb02cd83855fdfc34b9f87
523,mzamboniniei,a799fcafe47d7fb19bfb02cd83855fdfc34b9f87
524,dkarlqvistej,a799fcafe47d7fb19bfb02cd83855fdfc34b9f87
525,toscandallek,a799fcafe47d7fb19bfb02cd83855fdfc34b9f87
526,anesfieldel,a799fcafe47d7fb19bfb02cd83855fdfc34b9f87
527,jstaversem,a799fcafe47d7fb19bfb02cd83855fdfc34b9f87
528,civachyoven,a799fcafe47d7fb19bfb02cd83855fdfc34b9f87
529,amactrustrameo,a799fcafe47d7fb19bfb02cd83855fdfc34b9f87
530,gskuseep,a799fcafe47d7fb19bfb02cd83855fdfc34b9f87
531,egiriardellieq,a799fcafe47d7fb19bfb02cd83855fdfc34b9f87
532,dstronougher,a799fcafe47d7fb19bfb02cd83855fdfc34b9f87
533,sbradderes,a799fcafe47d7fb19bfb02cd83855fdfc34b9f87
534,cguilloneauet,a799fcafe47d7fb19bfb02cd83855fdfc34b9f87
535,kmulderrigeu,a799fcafe47d7fb19bfb02cd83855fdfc34b9f87
536,amichellev,a799fcafe47d7fb19bfb02cd83855fdfc34b9f87
537,fgerritzenew,a799fcafe47d7fb19bfb02cd83855fdfc34b9f87
538,nmadineex,a799fcafe47d7fb19bfb02cd83855fdfc34b9f87
539,scolvieey,a799fcafe47d7fb19bfb02cd83855fdfc34b9f87
540,fmadrellez,a799fcafe47d7fb19bfb02cd83855fdfc34b9f87
541,tcaberasf0,a799fcafe47d7fb19bfb02cd83855fdfc34b9f87
542,madrianf1,a799fcafe47d7fb19bfb02cd83855fdfc34b9f87
543,bjaradf2,a799fcafe47d7fb19bfb02cd83855fdfc34b9f87
544,ckentishf3,a799fcafe47d7fb19bfb02cd83855fdfc34b9f87
545,dkeaseyf4,a799fcafe47d7fb19bfb02cd83855fdfc34b9f87
546,fskucef5,a799fcafe47d7fb19bfb02cd83855fdfc34b9f87
547,kkenninghamf6,a799fcafe47d7fb19bfb02cd83855fdfc34b9f87
548,grennebachf7,a799fcafe47d7fb19bfb02cd83855fdfc34b9f87
549,smaffeyf8,a799fcafe47d7fb19bfb02cd83855fdfc34b9f87
550,scluelyf9,a799fcafe47d7fb19bfb02cd83855fdfc34b9f87
551,qfeatleyfa,a799fcafe47d7fb19bfb02cd83855fdfc34b9f87
552,hcolbranfb,a799fcafe47d7fb19bfb02cd83855fdfc34b9f87
553,adanilishinfc,a799fcafe47d7fb19bfb02cd83855fdfc34b9f87
554,rhempelfd,a799fcafe47d7fb19bfb02cd83855fdfc34b9f87
555,kgorghettofe,a799fcafe47d7fb19bfb02cd83855fdfc34b9f87
556,slosebieff,a799fcafe47d7fb19bfb02cd83855fdfc34b9f87
557,bdumphreyfg,a799fcafe47d7fb19bfb02cd83855fdfc34b9f87
558,brankinefh,a799fcafe47d7fb19bfb02cd83855fdfc34b9f87
559,ctomkiesfi,a799fcafe47d7fb19bfb02cd83855fdfc34b9f87
560,bsebleyfj,a799fcafe47d7fb19bfb02cd83855fdfc34b9f87
561,atrottonfk,a799fcafe47d7fb19bfb02cd83855fdfc34b9f87
562,zbittlesonfl,a799fcafe47d7fb19bfb02cd83855fdfc34b9f87
563,rdahlenfm,a799fcafe47d7fb19bfb02cd83855fdfc34b9f87
564,pjeanenetfn,a799fcafe47d7fb19bfb02cd83855fdfc34b9f87
565,jelphfo,a799fcafe47d7fb19bfb02cd83855fdfc34b9f87
566,pkeverenfp,a799fcafe47d7fb19bfb02cd83855fdfc34b9f87
567,gwinterscalefq,a799fcafe47d7fb19bfb02cd83855fdfc34b9f87
568,sracherfr,a799fcafe47d7fb19bfb02cd83855fdfc34b9f87
569,glantuffefs,a799fcafe47d7fb19bfb02cd83855fdfc34b9f87
570,rrobilartft,a799fcafe47d7fb19bfb02cd83855fdfc34b9f87
571,cbozworthfu,a799fcafe47d7fb19bfb02cd83855fdfc34b9f87
572,lduffieldfv,a799fcafe47d7fb19bfb02cd83855fdfc34b9f87
573,mcaveneyfw,a799fcafe47d7fb19bfb02cd83855fdfc34b9f87
574,rhuggenfx,a799fcafe47d7fb19bfb02cd83855fdfc34b9f87
575,otumefy,a799fcafe47d7fb19bfb02cd83855fdfc34b9f87
576,thaskurfz,a799fcafe47d7fb19bfb02cd83855fdfc34b9f87
577,blorencg0,a799fcafe47d7fb19bfb02cd83855fdfc34b9f87
578,seskriggg1,a799fcafe47d7fb19bfb02cd83855fdfc34b9f87
579,ifeyg2,a799fcafe47d7fb19bfb02cd83855fdfc34b9f87
580,cgrugerrg3,a799fcafe47d7fb19bfb02cd83855fdfc34b9f87
581,mfolshomg4,a799fcafe47d7fb19bfb02cd83855fdfc34b9f87
582,cniccolsg5,a799fcafe47d7fb19bfb02cd83855fdfc34b9f87
583,cbompassg6,a799fcafe47d7fb19bfb02cd83855fdfc34b9f87
584,rogormleyg7,a799fcafe47d7fb19bfb02cd83855fdfc34b9f87
585,aperuttog8,a799fcafe47d7fb19bfb02cd83855fdfc34b9f87
586,kmccormickg9,a799fcafe47d7fb19bfb02cd83855fdfc34b9f87
587,gcozinsga,a799fcafe47d7fb19bfb02cd83855fdfc34b9f87
588,gmeerongb,a799fcafe47d7fb19bfb02cd83855fdfc34b9f87
589,jkewgc,a799fcafe47d7fb19bfb02cd83855fdfc34b9f87
590,aknowlmangd,a799fcafe47d7fb19bfb02cd83855fdfc34b9f87
591,foldamge,a799fcafe47d7fb19bfb02cd83855fdfc34b9f87
592,takidgf,a799fcafe47d7fb19bfb02cd83855fdfc34b9f87
593,apetrassogg,a799fcafe47d7fb19bfb02cd83855fdfc34b9f87
594,rrowstongh,a799fcafe47d7fb19bfb02cd83855fdfc34b9f87
595,pgirdlestonegi,a799fcafe47d7fb19bfb02cd83855fdfc34b9f87
596,mreignardgj,a799fcafe47d7fb19bfb02cd83855fdfc34b9f87
597,disworthgk,a799fcafe47d7fb19bfb02cd83855fdfc34b9f87
598,jcrackettgl,a799fcafe47d7fb19bfb02cd83855fdfc34b9f87
599,gplumergm,a799fcafe47d7fb19bfb02cd83855fdfc34b9f87
600,againsburghgn,a799fcafe47d7fb19bfb02cd83855fdfc34b9f87
601,eowtramgo,a799fcafe47d7fb19bfb02cd83855fdfc34b9f87
602,alowcockgp,a799fcafe47d7fb19bfb02cd83855fdfc34b9f87
603,npoultneygq,a799fcafe47d7fb19bfb02cd83855fdfc34b9f87
604,phunnybungr,a799fcafe47d7fb19bfb02cd83855fdfc34b9f87
605,cruppelings,a799fcafe47d7fb19bfb02cd83855fdfc34b9f87
606,dpeddargt,a799fcafe47d7fb19bfb02cd83855fdfc34b9f87
607,nmcfadegu,a799fcafe47d7fb19bfb02cd83855fdfc34b9f87
608,krodgegv,a799fcafe47d7fb19bfb02cd83855fdfc34b9f87
609,cbatiegw,a799fcafe47d7fb19bfb02cd83855fdfc34b9f87
610,cspinettigx,a799fcafe47d7fb19bfb02cd83855fdfc34b9f87
611,fjimegy,a799fcafe47d7fb19bfb02cd83855fdfc34b9f87
612,hsymonesgz,a799fcafe47d7fb19bfb02cd83855fdfc34b9f87
613,lmackaigh0,a799fcafe47d7fb19bfb02cd83855fdfc34b9f87
614,jbraistedh1,a799fcafe47d7fb19bfb02cd83855fdfc34b9f87
615,emagogh2,a799fcafe47d7fb19bfb02cd83855fdfc34b9f87
616,misakovh3,a799fcafe47d7fb19bfb02cd83855fdfc34b9f87
617,smatussowh4,a799fcafe47d7fb19bfb02cd83855fdfc34b9f87
618,cnewburyh5,a799fcafe47d7fb19bfb02cd83855fdfc34b9f87
619,amccleodh6,a799fcafe47d7fb19bfb02cd83855fdfc34b9f87
620,cdillwayh7,a799fcafe47d7fb19bfb02cd83855fdfc34b9f87
621,hshallcrossh8,a799fcafe47d7fb19bfb02cd83855fdfc34b9f87
622,smcconaghyh9,a799fcafe47d7fb19bfb02cd83855fdfc34b9f87
623,rprobeyha,a799fcafe47d7fb19bfb02cd83855fdfc34b9f87
624,dshucksmithhb,a799fcafe47d7fb19bfb02cd83855fdfc34b9f87
625,csyerhc,a799fcafe47d7fb19bfb02cd83855fdfc34b9f87
626,sgeerehd,a799fcafe47d7fb19bfb02cd83855fdfc34b9f87
627,dskoneshe,a799fcafe47d7fb19bfb02cd83855fdfc34b9f87
628,csmolanhf,a799fcafe47d7fb19bfb02cd83855fdfc34b9f87
629,lhoveehg,a799fcafe47d7fb19bfb02cd83855fdfc34b9f87
630,ccharltonhh,a799fcafe47d7fb19bfb02cd83855fdfc34b9f87
631,mbewhi,a799fcafe47d7fb19bfb02cd83855fdfc34b9f87
632,pdreverhj,a799fcafe47d7fb19bfb02cd83855fdfc34b9f87
633,hpammenthk,a799fcafe47d7fb19bfb02cd83855fdfc34b9f87
634,bbakerhl,a799fcafe47d7fb19bfb02cd83855fdfc34b9f87
635,hfattorinihm,a799fcafe47d7fb19bfb02cd83855fdfc34b9f87
636,tsollowayhn,a799fcafe47d7fb19bfb02cd83855fdfc34b9f87
637,cworrellho,a799fcafe47d7fb19bfb02cd83855fdfc34b9f87
638,bwarrethp,a799fcafe47d7fb19bfb02cd83855fdfc34b9f87
639,gyvenshq,a799fcafe47d7fb19bfb02cd83855fdfc34b9f87
640,alaughlinhr,a799fcafe47d7fb19bfb02cd83855fdfc34b9f87
641,mcornelyhs,a799fcafe47d7fb19bfb02cd83855fdfc34b9f87
642,echildeht,a799fcafe47d7fb19bfb02cd83855fdfc34b9f87
643,asparkehu,a799fcafe47d7fb19bfb02cd83855fdfc34b9f87
644,theatheringtonhv,a799fcafe47d7fb19bfb02cd83855fdfc34b9f87
645,bclymohw,a799fcafe47d7fb19bfb02cd83855fdfc34b9f87
646,hlendremhx,a799fcafe47d7fb19bfb02cd83855fdfc34b9f87
647,crooteshy,a799fcafe47d7fb19bfb02cd83855fdfc34b9f87
648,gatyeohz,a799fcafe47d7fb19bfb02cd83855fdfc34b9f87
649,nbeevori0,a799fcafe47d7fb19bfb02cd83855fdfc34b9f87
650,ndeambrosii1,a799fcafe47d7fb19bfb02cd83855fdfc34b9f87
651,dwhickmani2,a799fcafe47d7fb19bfb02cd83855fdfc34b9f87
652,ctamletti3,a799fcafe47d7fb19bfb02cd83855fdfc34b9f87
653,acordeli4,a799fcafe47d7fb19bfb02cd83855fdfc34b9f87
654,stantumi5,a799fcafe47d7fb19bfb02cd83855fdfc34b9f87
655,hownsworthi6,a799fcafe47d7fb19bfb02cd83855fdfc34b9f87
656,dabbisi7,a799fcafe47d7fb19bfb02cd83855fdfc34b9f87
657,heuplatei8,a799fcafe47d7fb19bfb02cd83855fdfc34b9f87
658,asperwelli9,a799fcafe47d7fb19bfb02cd83855fdfc34b9f87
659,dmatussevichia,a799fcafe47d7fb19bfb02cd83855fdfc34b9f87
660,pradenib,a799fcafe47d7fb19bfb02cd83855fdfc34b9f87
661,pawdeic,a799fcafe47d7fb19bfb02cd83855fdfc34b9f87
662,cbidgoodid,a799fcafe47d7fb19bfb02cd83855fdfc34b9f87
663,apeplowie,a799fcafe47d7fb19bfb02cd83855fdfc34b9f87
664,schurchardif,a799fcafe47d7fb19bfb02cd83855fdfc34b9f87
665,ceclesig,a799fcafe47d7fb19bfb02cd83855fdfc34b9f87
666,dhembryih,a799fcafe47d7fb19bfb02cd83855fdfc34b9f87
667,jraviliousii,a799fcafe47d7fb19bfb02cd83855fdfc34b9f87
668,afencottij,a799fcafe47d7fb19bfb02cd83855fdfc34b9f87
669,cdanielkiewiczik,a799fcafe47d7fb19bfb02cd83855fdfc34b9f87
670,otewesil,a799fcafe47d7fb19bfb02cd83855fdfc34b9f87
671,bohannenim,a799fcafe47d7fb19bfb02cd83855fdfc34b9f87
672,vjosovitzin,a799fcafe47d7fb19bfb02cd83855fdfc34b9f87
673,bbebisio,a799fcafe47d7fb19bfb02cd83855fdfc34b9f87
674,dwhilderip,a799fcafe47d7fb19bfb02cd83855fdfc34b9f87
675,relleyneiq,a799fcafe47d7fb19bfb02cd83855fdfc34b9f87
676,dscayir,a799fcafe47d7fb19bfb02cd83855fdfc34b9f87
677,hbowlleris,a799fcafe47d7fb19bfb02cd83855fdfc34b9f87
678,clillicrapit,a799fcafe47d7fb19bfb02cd83855fdfc34b9f87
679,lgureryiu,a799fcafe47d7fb19bfb02cd83855fdfc34b9f87
680,hwickersoniv,a799fcafe47d7fb19bfb02cd83855fdfc34b9f87
681,dpierrepontiw,a799fcafe47d7fb19bfb02cd83855fdfc34b9f87
682,vgaveyix,a799fcafe47d7fb19bfb02cd83855fdfc34b9f87
683,byakuniniy,a799fcafe47d7fb19bfb02cd83855fdfc34b9f87
684,sseabourneiz,a799fcafe47d7fb19bfb02cd83855fdfc34b9f87
685,tfealtyj0,a799fcafe47d7fb19bfb02cd83855fdfc34b9f87
686,bgarrochj1,a799fcafe47d7fb19bfb02cd83855fdfc34b9f87
687,tleicesterj2,a799fcafe47d7fb19bfb02cd83855fdfc34b9f87
688,icomarj3,a799fcafe47d7fb19bfb02cd83855fdfc34b9f87
689,cbanbrookj4,a799fcafe47d7fb19bfb02cd83855fdfc34b9f87
690,lfellneej5,a799fcafe47d7fb19bfb02cd83855fdfc34b9f87
691,pdougalj6,a799fcafe47d7fb19bfb02cd83855fdfc34b9f87
692,mtadgellj7,a799fcafe47d7fb19bfb02cd83855fdfc34b9f87
693,mmunslowj8,a799fcafe47d7fb19bfb02cd83855fdfc34b9f87
694,dingersonj9,a799fcafe47d7fb19bfb02cd83855fdfc34b9f87
695,usammsja,a799fcafe47d7fb19bfb02cd83855fdfc34b9f87
696,emullinjb,a799fcafe47d7fb19bfb02cd83855fdfc34b9f87
697,cbassonjc,a799fcafe47d7fb19bfb02cd83855fdfc34b9f87
698,whaggasjd,a799fcafe47d7fb19bfb02cd83855fdfc34b9f87
699,ecarlanje,a799fcafe47d7fb19bfb02cd83855fdfc34b9f87
700,hgomezjf,a799fcafe47d7fb19bfb02cd83855fdfc34b9f87
701,jkurtjg,a799fcafe47d7fb19bfb02cd83855fdfc34b9f87
702,wfloydjh,a799fcafe47d7fb19bfb02cd83855fdfc34b9f87
703,vstigellji,a799fcafe47d7fb19bfb02cd83855fdfc34b9f87
704,craddinjj,a799fcafe47d7fb19bfb02cd83855fdfc34b9f87
705,sbuscombejk,a799fcafe47d7fb19bfb02cd83855fdfc34b9f87
706,nbraidjl,a799fcafe47d7fb19bfb02cd83855fdfc34b9f87
707,iriccijm,a799fcafe47d7fb19bfb02cd83855fdfc34b9f87
708,hpatrisksonjn,a799fcafe47d7fb19bfb02cd83855fdfc34b9f87
709,lrowjo,a799fcafe47d7fb19bfb02cd83855fdfc34b9f87
710,hemlynjp,a799fcafe47d7fb19bfb02cd83855fdfc34b9f87
711,gmccahilljq,a799fcafe47d7fb19bfb02cd83855fdfc34b9f87
712,hpoyntzjr,a799fcafe47d7fb19bfb02cd83855fdfc34b9f87
713,edolanjs,a799fcafe47d7fb19bfb02cd83855fdfc34b9f87
714,lwimbushjt,a799fcafe47d7fb19bfb02cd83855fdfc34b9f87
715,dlinnyju,a799fcafe47d7fb19bfb02cd83855fdfc34b9f87
716,xmontaguejv,a799fcafe47d7fb19bfb02cd83855fdfc34b9f87
717,sshepleyjw,a799fcafe47d7fb19bfb02cd83855fdfc34b9f87
718,ebiaggettijx,a799fcafe47d7fb19bfb02cd83855fdfc34b9f87
719,aluffmanjy,a799fcafe47d7fb19bfb02cd83855fdfc34b9f87
720,sseniorjz,a799fcafe47d7fb19bfb02cd83855fdfc34b9f87
721,jkummerlowek0,a799fcafe47d7fb19bfb02cd83855fdfc34b9f87
722,bgritsaevk1,a799fcafe47d7fb19bfb02cd83855fdfc34b9f87
723,cdornk2,a799fcafe47d7fb19bfb02cd83855fdfc34b9f87
724,cbetterissk3,a799fcafe47d7fb19bfb02cd83855fdfc34b9f87
725,jmacpheek4,a799fcafe47d7fb19bfb02cd83855fdfc34b9f87
726,wciobutaruk5,a799fcafe47d7fb19bfb02cd83855fdfc34b9f87
727,hgrowcockk6,a799fcafe47d7fb19bfb02cd83855fdfc34b9f87
728,rbillingslyk7,a799fcafe47d7fb19bfb02cd83855fdfc34b9f87
729,kfletcherk8,a799fcafe47d7fb19bfb02cd83855fdfc34b9f87
730,cgisburnek9,a799fcafe47d7fb19bfb02cd83855fdfc34b9f87
731,aduffka,a799fcafe47d7fb19bfb02cd83855fdfc34b9f87
732,jalvareskb,a799fcafe47d7fb19bfb02cd83855fdfc34b9f87
733,jcuskerykc,a799fcafe47d7fb19bfb02cd83855fdfc34b9f87
734,cstraneokd,a799fcafe47d7fb19bfb02cd83855fdfc34b9f87
735,ckeninghamke,a799fcafe47d7fb19bfb02cd83855fdfc34b9f87
736,blindgrenkf,a799fcafe47d7fb19bfb02cd83855fdfc34b9f87
737,vrustedgekg,a799fcafe47d7fb19bfb02cd83855fdfc34b9f87
738,wlortzkh,a799fcafe47d7fb19bfb02cd83855fdfc34b9f87
739,rtunnahki,a799fcafe47d7fb19bfb02cd83855fdfc34b9f87
740,cwarlockkj,a799fcafe47d7fb19bfb02cd83855fdfc34b9f87
741,bboaskk,a799fcafe47d7fb19bfb02cd83855fdfc34b9f87
742,sfowneskl,a799fcafe47d7fb19bfb02cd83855fdfc34b9f87
743,cwhardleykm,a799fcafe47d7fb19bfb02cd83855fdfc34b9f87
744,lturonekn,a799fcafe47d7fb19bfb02cd83855fdfc34b9f87
745,zingamellsko,a799fcafe47d7fb19bfb02cd83855fdfc34b9f87
746,ralsobrookkp,a799fcafe47d7fb19bfb02cd83855fdfc34b9f87
747,wknoxkq,a799fcafe47d7fb19bfb02cd83855fdfc34b9f87
748,jjennokr,a799fcafe47d7fb19bfb02cd83855fdfc34b9f87
749,iitzkoviciks,a799fcafe47d7fb19bfb02cd83855fdfc34b9f87
750,mandreekt,a799fcafe47d7fb19bfb02cd83855fdfc34b9f87
751,sbelfku,a799fcafe47d7fb19bfb02cd83855fdfc34b9f87
752,pcamillerikv,a799fcafe47d7fb19bfb02cd83855fdfc34b9f87
753,rsawnwykw,a799fcafe47d7fb19bfb02cd83855fdfc34b9f87
754,cewbanckkx,a799fcafe47d7fb19bfb02cd83855fdfc34b9f87
755,bgasnellky,a799fcafe47d7fb19bfb02cd83855fdfc34b9f87
756,tcarberrykz,a799fcafe47d7fb19bfb02cd83855fdfc34b9f87
757,rfancuttl0,a799fcafe47d7fb19bfb02cd83855fdfc34b9f87
758,lbaudinl1,a799fcafe47d7fb19bfb02cd83855fdfc34b9f87
759,dstigerl2,a799fcafe47d7fb19bfb02cd83855fdfc34b9f87
760,hwimmerl3,a799fcafe47d7fb19bfb02cd83855fdfc34b9f87
761,csturridgel4,a799fcafe47d7fb19bfb02cd83855fdfc34b9f87
762,zbeynknl5,a799fcafe47d7fb19bfb02cd83855fdfc34b9f87
763,gdayleyl6,a799fcafe47d7fb19bfb02cd83855fdfc34b9f87
764,bcaffinl7,a799fcafe47d7fb19bfb02cd83855fdfc34b9f87
765,kdunbabinl8,a799fcafe47d7fb19bfb02cd83855fdfc34b9f87
766,tpeplowl9,a799fcafe47d7fb19bfb02cd83855fdfc34b9f87
767,pdowdamla,a799fcafe47d7fb19bfb02cd83855fdfc34b9f87
768,ngerrishlb,a799fcafe47d7fb19bfb02cd83855fdfc34b9f87
769,eluquetlc,a799fcafe47d7fb19bfb02cd83855fdfc34b9f87
770,rdoagld,a799fcafe47d7fb19bfb02cd83855fdfc34b9f87
771,vwermerlingle,a799fcafe47d7fb19bfb02cd83855fdfc34b9f87
772,mgillogleylf,a799fcafe47d7fb19bfb02cd83855fdfc34b9f87
773,lkaselg,a799fcafe47d7fb19bfb02cd83855fdfc34b9f87
774,atracylh,a799fcafe47d7fb19bfb02cd83855fdfc34b9f87
775,asemarkli,a799fcafe47d7fb19bfb02cd83855fdfc34b9f87
776,jmonierlj,a799fcafe47d7fb19bfb02cd83855fdfc34b9f87
777,ghaslumlk,a799fcafe47d7fb19bfb02cd83855fdfc34b9f87
778,lmorduell,a799fcafe47d7fb19bfb02cd83855fdfc34b9f87
779,fliepinalm,a799fcafe47d7fb19bfb02cd83855fdfc34b9f87
780,akerln,a799fcafe47d7fb19bfb02cd83855fdfc34b9f87
781,gyeelllo,a799fcafe47d7fb19bfb02cd83855fdfc34b9f87
782,jheckslp,a799fcafe47d7fb19bfb02cd83855fdfc34b9f87
783,dbaineslq,a799fcafe47d7fb19bfb02cd83855fdfc34b9f87
784,dmcdavidlr,a799fcafe47d7fb19bfb02cd83855fdfc34b9f87
785,jtacels,a799fcafe47d7fb19bfb02cd83855fdfc34b9f87
786,rbennislt,a799fcafe47d7fb19bfb02cd83855fdfc34b9f87
787,lhorsfieldlu,a799fcafe47d7fb19bfb02cd83855fdfc34b9f87
788,lhanlonlv,a799fcafe47d7fb19bfb02cd83855fdfc34b9f87
789,ggrenshieldslw,a799fcafe47d7fb19bfb02cd83855fdfc34b9f87
790,ndabnerlx,a799fcafe47d7fb19bfb02cd83855fdfc34b9f87
791,hgriffittsly,a799fcafe47d7fb19bfb02cd83855fdfc34b9f87
792,sconnerlz,a799fcafe47d7fb19bfb02cd83855fdfc34b9f87
793,hgilhouleym0,a799fcafe47d7fb19bfb02cd83855fdfc34b9f87
794,llunam1,a799fcafe47d7fb19bfb02cd83855fdfc34b9f87
795,shalfacreem2,a799fcafe47d7fb19bfb02cd83855fdfc34b9f87
796,askipseam3,a799fcafe47d7fb19bfb02cd83855fdfc34b9f87
797,lbeurichm4,a799fcafe47d7fb19bfb02cd83855fdfc34b9f87
798,snewlingm5,a799fcafe47d7fb19bfb02cd83855fdfc34b9f87
799,rchesnutm6,a799fcafe47d7fb19bfb02cd83855fdfc34b9f87
800,titzcakm7,a799fcafe47d7fb19bfb02cd83855fdfc34b9f87
801,lpurchesm8,a799fcafe47d7fb19bfb02cd83855fdfc34b9f87
802,rgraddellm9,a799fcafe47d7fb19bfb02cd83855fdfc34b9f87
803,tbarnhillma,a799fcafe47d7fb19bfb02cd83855fdfc34b9f87
804,skeyesmb,a799fcafe47d7fb19bfb02cd83855fdfc34b9f87
805,bmessitermc,a799fcafe47d7fb19bfb02cd83855fdfc34b9f87
806,cstannionmd,a799fcafe47d7fb19bfb02cd83855fdfc34b9f87
807,sniaveme,a799fcafe47d7fb19bfb02cd83855fdfc34b9f87
808,gclineckmf,a799fcafe47d7fb19bfb02cd83855fdfc34b9f87
809,sangrickmg,a799fcafe47d7fb19bfb02cd83855fdfc34b9f87
810,nagerskowmh,a799fcafe47d7fb19bfb02cd83855fdfc34b9f87
811,apollakmi,a799fcafe47d7fb19bfb02cd83855fdfc34b9f87
812,winkstermj,a799fcafe47d7fb19bfb02cd83855fdfc34b9f87
813,lpatridgemk,a799fcafe47d7fb19bfb02cd83855fdfc34b9f87
814,cberiml,a799fcafe47d7fb19bfb02cd83855fdfc34b9f87
815,iwhiterodmm,a799fcafe47d7fb19bfb02cd83855fdfc34b9f87
816,njenneymn,a799fcafe47d7fb19bfb02cd83855fdfc34b9f87
817,ogreenlessmo,a799fcafe47d7fb19bfb02cd83855fdfc34b9f87
818,lgrassickmp,a799fcafe47d7fb19bfb02cd83855fdfc34b9f87
819,lferrottimq,a799fcafe47d7fb19bfb02cd83855fdfc34b9f87
820,ahaisellmr,a799fcafe47d7fb19bfb02cd83855fdfc34b9f87
821,slammerichms,a799fcafe47d7fb19bfb02cd83855fdfc34b9f87
822,lschuttemt,a799fcafe47d7fb19bfb02cd83855fdfc34b9f87
823,whedworthmu,a799fcafe47d7fb19bfb02cd83855fdfc34b9f87
824,dpittwaymv,a799fcafe47d7fb19bfb02cd83855fdfc34b9f87
825,lpharrowmw,a799fcafe47d7fb19bfb02cd83855fdfc34b9f87
826,lskellionmx,a799fcafe47d7fb19bfb02cd83855fdfc34b9f87
827,btrouncemy,a799fcafe47d7fb19bfb02cd83855fdfc34b9f87
828,jdormanmz,a799fcafe47d7fb19bfb02cd83855fdfc34b9f87
829,losmondn0,a799fcafe47d7fb19bfb02cd83855fdfc34b9f87
830,lstandagen1,a799fcafe47d7fb19bfb02cd83855fdfc34b9f87
831,xchuggn2,a799fcafe47d7fb19bfb02cd83855fdfc34b9f87
832,akinkaidn3,a799fcafe47d7fb19bfb02cd83855fdfc34b9f87
833,apetrovykhn4,a799fcafe47d7fb19bfb02cd83855fdfc34b9f87
834,fleftridgen5,a799fcafe47d7fb19bfb02cd83855fdfc34b9f87
835,gmullanyn6,a799fcafe47d7fb19bfb02cd83855fdfc34b9f87
836,tstanyardn7,a799fcafe47d7fb19bfb02cd83855fdfc34b9f87
837,lshipwayn8,a799fcafe47d7fb19bfb02cd83855fdfc34b9f87
838,fforringtonn9,a799fcafe47d7fb19bfb02cd83855fdfc34b9f87
839,yglusbyna,a799fcafe47d7fb19bfb02cd83855fdfc34b9f87
840,mayrsnb,a799fcafe47d7fb19bfb02cd83855fdfc34b9f87
841,blipsonnc,a799fcafe47d7fb19bfb02cd83855fdfc34b9f87
842,bvanbrughnd,a799fcafe47d7fb19bfb02cd83855fdfc34b9f87
843,klapidusne,a799fcafe47d7fb19bfb02cd83855fdfc34b9f87
844,ehuggettnf,a799fcafe47d7fb19bfb02cd83855fdfc34b9f87
845,bstychng,a799fcafe47d7fb19bfb02cd83855fdfc34b9f87
846,oindernh,a799fcafe47d7fb19bfb02cd83855fdfc34b9f87
847,rrudhamni,a799fcafe47d7fb19bfb02cd83855fdfc34b9f87
848,lpanksnj,a799fcafe47d7fb19bfb02cd83855fdfc34b9f87
849,gduerdennk,a799fcafe47d7fb19bfb02cd83855fdfc34b9f87
850,scastiellonl,a799fcafe47d7fb19bfb02cd83855fdfc34b9f87
851,ehuntonnm,a799fcafe47d7fb19bfb02cd83855fdfc34b9f87
852,abarkhousenn,a799fcafe47d7fb19bfb02cd83855fdfc34b9f87
853,tfeenanno,a799fcafe47d7fb19bfb02cd83855fdfc34b9f87
854,sdibbertnp,a799fcafe47d7fb19bfb02cd83855fdfc34b9f87
855,dmiddlemissnq,a799fcafe47d7fb19bfb02cd83855fdfc34b9f87
856,hdomicannr,a799fcafe47d7fb19bfb02cd83855fdfc34b9f87
857,ablethynns,a799fcafe47d7fb19bfb02cd83855fdfc34b9f87
858,lcorsonnt,a799fcafe47d7fb19bfb02cd83855fdfc34b9f87
859,lerleynu,a799fcafe47d7fb19bfb02cd83855fdfc34b9f87
860,charriottnv,a799fcafe47d7fb19bfb02cd83855fdfc34b9f87
861,gnodesnw,a799fcafe47d7fb19bfb02cd83855fdfc34b9f87
862,rwattnx,a799fcafe47d7fb19bfb02cd83855fdfc34b9f87
863,gswansonny,a799fcafe47d7fb19bfb02cd83855fdfc34b9f87
864,rbausmannnz,a799fcafe47d7fb19bfb02cd83855fdfc34b9f87
865,atosneyo0,a799fcafe47d7fb19bfb02cd83855fdfc34b9f87
866,hdomengeto1,a799fcafe47d7fb19bfb02cd83855fdfc34b9f87
867,ybodleigho2,a799fcafe47d7fb19bfb02cd83855fdfc34b9f87
868,aillistono3,a799fcafe47d7fb19bfb02cd83855fdfc34b9f87
869,jzumbuscho4,a799fcafe47d7fb19bfb02cd83855fdfc34b9f87
870,rbaumano5,a799fcafe47d7fb19bfb02cd83855fdfc34b9f87
871,gdevaso6,a799fcafe47d7fb19bfb02cd83855fdfc34b9f87
872,rhackwello7,a799fcafe47d7fb19bfb02cd83855fdfc34b9f87
873,slindblomo8,a799fcafe47d7fb19bfb02cd83855fdfc34b9f87
874,fgilliato9,a799fcafe47d7fb19bfb02cd83855fdfc34b9f87
875,ebeddieoa,a799fcafe47d7fb19bfb02cd83855fdfc34b9f87
876,bedsallob,a799fcafe47d7fb19bfb02cd83855fdfc34b9f87
877,amarchantoc,a799fcafe47d7fb19bfb02cd83855fdfc34b9f87
878,hduleyod,a799fcafe47d7fb19bfb02cd83855fdfc34b9f87
879,hbruffoe,a799fcafe47d7fb19bfb02cd83855fdfc34b9f87
880,fjaneczekof,a799fcafe47d7fb19bfb02cd83855fdfc34b9f87
881,rmanneringog,a799fcafe47d7fb19bfb02cd83855fdfc34b9f87
882,fleftbridgeoh,a799fcafe47d7fb19bfb02cd83855fdfc34b9f87
883,swhaymandoi,a799fcafe47d7fb19bfb02cd83855fdfc34b9f87
884,mcundoj,a799fcafe47d7fb19bfb02cd83855fdfc34b9f87
885,lleipoldok,a799fcafe47d7fb19bfb02cd83855fdfc34b9f87
886,ltosdevinol,a799fcafe47d7fb19bfb02cd83855fdfc34b9f87
887,rtyrerom,a799fcafe47d7fb19bfb02cd83855fdfc34b9f87
888,apitsonon,a799fcafe47d7fb19bfb02cd83855fdfc34b9f87
889,kjowleoo,a799fcafe47d7fb19bfb02cd83855fdfc34b9f87
890,lschankelborgop,a799fcafe47d7fb19bfb02cd83855fdfc34b9f87
891,vrambadtoq,a799fcafe47d7fb19bfb02cd83855fdfc34b9f87
892,ddraudeor,a799fcafe47d7fb19bfb02cd83855fdfc34b9f87
893,lbaggeos,a799fcafe47d7fb19bfb02cd83855fdfc34b9f87
894,mguinnessot,a799fcafe47d7fb19bfb02cd83855fdfc34b9f87
895,amaccollou,a799fcafe47d7fb19bfb02cd83855fdfc34b9f87
896,hbauduinov,a799fcafe47d7fb19bfb02cd83855fdfc34b9f87
897,epalleyow,a799fcafe47d7fb19bfb02cd83855fdfc34b9f87
898,cwilloughbyox,a799fcafe47d7fb19bfb02cd83855fdfc34b9f87
899,vcornelleauoy,a799fcafe47d7fb19bfb02cd83855fdfc34b9f87
900,sguynemeroz,a799fcafe47d7fb19bfb02cd83855fdfc34b9f87
901,aparlottp0,a799fcafe47d7fb19bfb02cd83855fdfc34b9f87
902,rbestarp1,a799fcafe47d7fb19bfb02cd83855fdfc34b9f87
903,lreavellp2,a799fcafe47d7fb19bfb02cd83855fdfc34b9f87
904,clyosikp3,a799fcafe47d7fb19bfb02cd83855fdfc34b9f87
905,plaintonp4,a799fcafe47d7fb19bfb02cd83855fdfc34b9f87
906,fpoleyp5,a799fcafe47d7fb19bfb02cd83855fdfc34b9f87
907,ghaworthp6,a799fcafe47d7fb19bfb02cd83855fdfc34b9f87
908,wmcduallp7,a799fcafe47d7fb19bfb02cd83855fdfc34b9f87
909,ngrigollip8,a799fcafe47d7fb19bfb02cd83855fdfc34b9f87
910,jwhaleyp9,a799fcafe47d7fb19bfb02cd83855fdfc34b9f87
911,vspallpa,a799fcafe47d7fb19bfb02cd83855fdfc34b9f87
912,epridenpb,a799fcafe47d7fb19bfb02cd83855fdfc34b9f87
913,mbonnettpc,a799fcafe47d7fb19bfb02cd83855fdfc34b9f87
914,gmatyushkinpd,a799fcafe47d7fb19bfb02cd83855fdfc34b9f87
915,mchapellepe,a799fcafe47d7fb19bfb02cd83855fdfc34b9f87
916,kcasepf,a799fcafe47d7fb19bfb02cd83855fdfc34b9f87
917,mtroppmannpg,a799fcafe47d7fb19bfb02cd83855fdfc34b9f87
918,bmilroyph,a799fcafe47d7fb19bfb02cd83855fdfc34b9f87
919,fmccullypi,a799fcafe47d7fb19bfb02cd83855fdfc34b9f87
920,blandegpj,a799fcafe47d7fb19bfb02cd83855fdfc34b9f87
921,rmcffadenpk,a799fcafe47d7fb19bfb02cd83855fdfc34b9f87
922,tchoppinpl,a799fcafe47d7fb19bfb02cd83855fdfc34b9f87
923,mdiangelopm,a799fcafe47d7fb19bfb02cd83855fdfc34b9f87
924,gradkepn,a799fcafe47d7fb19bfb02cd83855fdfc34b9f87
925,chickspo,a799fcafe47d7fb19bfb02cd83855fdfc34b9f87
926,brubinsaftpp,a799fcafe47d7fb19bfb02cd83855fdfc34b9f87
927,masletpq,a799fcafe47d7fb19bfb02cd83855fdfc34b9f87
928,krunacrespr,a799fcafe47d7fb19bfb02cd83855fdfc34b9f87
929,amckellarps,a799fcafe47d7fb19bfb02cd83855fdfc34b9f87
930,thurrypt,a799fcafe47d7fb19bfb02cd83855fdfc34b9f87
931,yspierspu,a799fcafe47d7fb19bfb02cd83855fdfc34b9f87
932,fparidgepv,a799fcafe47d7fb19bfb02cd83855fdfc34b9f87
933,hbrinkleypw,a799fcafe47d7fb19bfb02cd83855fdfc34b9f87
934,hbourdonpx,a799fcafe47d7fb19bfb02cd83855fdfc34b9f87
935,gsimakovpy,a799fcafe47d7fb19bfb02cd83855fdfc34b9f87
936,melveypz,a799fcafe47d7fb19bfb02cd83855fdfc34b9f87
937,ssankeyq0,a799fcafe47d7fb19bfb02cd83855fdfc34b9f87
938,larmatidgeq1,a799fcafe47d7fb19bfb02cd83855fdfc34b9f87
939,fdacthq2,a799fcafe47d7fb19bfb02cd83855fdfc34b9f87
940,ashellcrossq3,a799fcafe47d7fb19bfb02cd83855fdfc34b9f87
941,sbattissonq4,a799fcafe47d7fb19bfb02cd83855fdfc34b9f87
942,whoulahanq5,a799fcafe47d7fb19bfb02cd83855fdfc34b9f87
943,vsemeredq6,a799fcafe47d7fb19bfb02cd83855fdfc34b9f87
944,marmalq7,a799fcafe47d7fb19bfb02cd83855fdfc34b9f87
945,cdealyq8,a799fcafe47d7fb19bfb02cd83855fdfc34b9f87
946,menstoneq9,a799fcafe47d7fb19bfb02cd83855fdfc34b9f87
947,djarleyqa,a799fcafe47d7fb19bfb02cd83855fdfc34b9f87
948,bmarronqb,a799fcafe47d7fb19bfb02cd83855fdfc34b9f87
949,caronstamqc,a799fcafe47d7fb19bfb02cd83855fdfc34b9f87
950,rponnsettqd,a799fcafe47d7fb19bfb02cd83855fdfc34b9f87
951,jtonryqe,a799fcafe47d7fb19bfb02cd83855fdfc34b9f87
952,dlumsdaineqf,a799fcafe47d7fb19bfb02cd83855fdfc34b9f87
953,lfelderqg,a799fcafe47d7fb19bfb02cd83855fdfc34b9f87
954,kallcornqh,a799fcafe47d7fb19bfb02cd83855fdfc34b9f87
955,rdytonqi,a799fcafe47d7fb19bfb02cd83855fdfc34b9f87
956,dmathevonqj,a799fcafe47d7fb19bfb02cd83855fdfc34b9f87
957,mdavidescuqk,a799fcafe47d7fb19bfb02cd83855fdfc34b9f87
958,mjockleql,a799fcafe47d7fb19bfb02cd83855fdfc34b9f87
959,ehumblesqm,a799fcafe47d7fb19bfb02cd83855fdfc34b9f87
960,cremmerqn,a799fcafe47d7fb19bfb02cd83855fdfc34b9f87
961,rbagwellqo,a799fcafe47d7fb19bfb02cd83855fdfc34b9f87
962,nsaffenqp,a799fcafe47d7fb19bfb02cd83855fdfc34b9f87
963,ddanilchevqq,a799fcafe47d7fb19bfb02cd83855fdfc34b9f87
964,vgenneyqr,a799fcafe47d7fb19bfb02cd83855fdfc34b9f87
965,frowanqs,a799fcafe47d7fb19bfb02cd83855fdfc34b9f87
966,kelionqt,a799fcafe47d7fb19bfb02cd83855fdfc34b9f87
967,iduffillqu,a799fcafe47d7fb19bfb02cd83855fdfc34b9f87
968,rcurlessqv,a799fcafe47d7fb19bfb02cd83855fdfc34b9f87
969,gstummeyerqw,a799fcafe47d7fb19bfb02cd83855fdfc34b9f87
970,hwakehamqx,a799fcafe47d7fb19bfb02cd83855fdfc34b9f87
971,tgaydonqy,a799fcafe47d7fb19bfb02cd83855fdfc34b9f87
972,gmccliffertyqz,a799fcafe47d7fb19bfb02cd83855fdfc34b9f87
973,noluneyr0,a799fcafe47d7fb19bfb02cd83855fdfc34b9f87
974,smatchettr1,a799fcafe47d7fb19bfb02cd83855fdfc34b9f87
975,kkitcatr2,a799fcafe47d7fb19bfb02cd83855fdfc34b9f87
976,aantrobusr3,a799fcafe47d7fb19bfb02cd83855fdfc34b9f87
977,gneildr4,a799fcafe47d7fb19bfb02cd83855fdfc34b9f87
978,hwebbornr5,a799fcafe47d7fb19bfb02cd83855fdfc34b9f87
979,jaldridger6,a799fcafe47d7fb19bfb02cd83855fdfc34b9f87
980,nblecklyr7,a799fcafe47d7fb19bfb02cd83855fdfc34b9f87
981,mportmanr8,a799fcafe47d7fb19bfb02cd83855fdfc34b9f87
982,tgoadbier9,a799fcafe47d7fb19bfb02cd83855fdfc34b9f87
983,dritchmanra,a799fcafe47d7fb19bfb02cd83855fdfc34b9f87
984,ahardinghamrb,a799fcafe47d7fb19bfb02cd83855fdfc34b9f87
985,zlapslierc,a799fcafe47d7fb19bfb02cd83855fdfc34b9f87
986,lmcgilvrayrd,a799fcafe47d7fb19bfb02cd83855fdfc34b9f87
987,jrudyardre,a799fcafe47d7fb19bfb02cd83855fdfc34b9f87
988,kduffilrf,a799fcafe47d7fb19bfb02cd83855fdfc34b9f87
989,ffermingerrg,a799fcafe47d7fb19bfb02cd83855fdfc34b9f87
990,apeacockerh,a799fcafe47d7fb19bfb02cd83855fdfc34b9f87
991,fhayfordri,a799fcafe47d7fb19bfb02cd83855fdfc34b9f87
992,igairdnerrj,a799fcafe47d7fb19bfb02cd83855fdfc34b9f87
993,agrowdenrk,a799fcafe47d7fb19bfb02cd83855fdfc34b9f87
994,kworlockrl,a799fcafe47d7fb19bfb02cd83855fdfc34b9f87
995,hhubanerm,a799fcafe47d7fb19bfb02cd83855fdfc34b9f87
996,lcripwellrn,a799fcafe47d7fb19bfb02cd83855fdfc34b9f87
997,pmerigonro,a799fcafe47d7fb19bfb02cd83855fdfc34b9f87
998,eephgraverp,a799fcafe47d7fb19bfb02cd83855fdfc34b9f87
999,kdenajerarq,a799fcafe47d7fb19bfb02cd83855fdfc34b9f87
1000,lruffeyrr,a799fcafe47d7fb19bfb02cd83855fdfc34b9f87